Transaction,item,date
1,SUPERMOP BODLE UNICRON,1/10/2023
2,PANCI MILKPAN ANDORA,1/10/2023
2,GAGANG SUPERMOP,1/10/2023
2,SALEP CINA BSR,1/10/2023
3,TEKO SIUL MASPION 22,2/10/2023
3,ALAS SETRIKA,2/10/2023
4,TATAKAN KOMPOR KAKI 4,2/10/2023
4,TATAKAN KOMPOR KAKI 4,2/10/2023
5,SARINGAN SANTAN STENLIS,2/10/2023
5,SARINGAN SANTAN STENLIS,2/10/2023
5,BLENDER OMEGA NATIONAL,2/10/2023
6,PEL PELAN GSF,2/10/2023
7,KARPET METERAN,2/10/2023
7,KARPET METERAN,2/10/2023
7,SAPU TEPES,2/10/2023
7,SARINGAN SANTAN 24,2/10/2023
8,LEMARI 12 SUSUN SERBAGUNA ACTIV,2/10/2023
9,TISU MODERN PAKET,2/10/2023
9,KERANJANG PAJERO POLOS,2/10/2023
9,ESKAN TANGGUNG,2/10/2023
10,ESKAN JUMBO,2/10/2023
11,SABUN CUCI PIRING B-LIGHT,2/10/2023
12,ESKAN TANGGUNG,2/10/2023
13,COOPER STENLIS IMPORT,2/10/2023
14,TREMOS ELEPHANT,2/10/2023
15,TEMPAT MAKAN BENTO SL,2/10/2023
15,KARPET SPONS TEBAL,2/10/2023
15,SUSU INDOMILK,2/10/2023
16,AQUA,2/10/2023
17,KIPAS DINDING WELHOME 1663E,2/10/2023
18,SAMPAH INJAK,2/10/2023
18,TERMOS FLOWERS,2/10/2023
18,TREMOS INDOGLASS 500ML,2/10/2023
18,CIMORY BOTOL,2/10/2023
18,SUSU INDOMILK,2/10/2023
18,SALEP CINA BSR,2/10/2023
18,AQUA,2/10/2023
19,JAM DINDING VINODA,2/10/2023
19,BATRAI MAXWATT,2/10/2023
20,BUSA BUSAWIT,2/10/2023
21,SUSU INDOMILK,2/10/2023
22,GAGANG SUPERMOP,2/10/2023
22,TEH GELAS,2/10/2023
23,PLAYMATE BAYI,3/10/2023
24,SPREI HOME UK 160 & 180,3/10/2023
24,HANDUK DEWASA,3/10/2023
24,HANDUK MERAH PUTIH UK50,3/10/2023
24,HANDUK DEWASA,3/10/2023
25,RAK AMAZING BY SHENAR,3/10/2023
26,MAWAR LAUNDRY REFILL,3/10/2023
27,TOPLES BENING MOTIF,3/10/2023
28,TAMPAH MURAH UK 40,3/10/2023
29,TEPUNG IRUT,3/10/2023
29,LAMPU LAYANGAN,3/10/2023
29,LAMPU LAYANGAN,3/10/2023
29,LAMPU LAYANGAN,3/10/2023
29,PENA BOLPENKU 1PAK,3/10/2023
29,TREMOS INDOGLASS 750ML,3/10/2023
30,BOTOL TAKUMA,3/10/2023
30,MAINAN KITCHEN MK 14,3/10/2023
31,KARPET GAMBAR BOLAK BALIK UK 180X180,3/10/2023
31,KARPET GAMBAR BOLAK BALIK UK 180X180,3/10/2023
32,MAGICOM MIYAKO 612,3/10/2023
32,KARPET BENTOL,3/10/2023
33,SUSU INDOMILK,3/10/2023
33,SALEP CINA BSR,3/10/2023
34,SALEP CINA BSR,3/10/2023
34,RAK PIRING RPK 3 SSN,3/10/2023
35,SOLED KAYU,3/10/2023
35,JAM VINODA BIASA,4/10/2023
35,JAM VINODA BIASA,4/10/2023
35,JAM VINODA BIASA,4/10/2023
35,JAM VINODA BIASA,4/10/2023
36,BUKU SIDU ISI 58,4/10/2023
36,BUKU SIDU ISI 58,4/10/2023
36,BUKU VISION ISI 58,4/10/2023
36,BUKU VISION ISI 58,4/10/2023
36,SARINGAN SANTAN STENLIS,4/10/2023
37,SARINGAN SANTAN STENLIS,4/10/2023
38,SARINGAN SANTAN STENLIS,4/10/2023
36,HANGER WARNA NAGAKO,4/10/2023
36,HANGER WARNA NAGAKO,4/10/2023
36,HANGER WARNA NAGAKO,4/10/2023
36,HANGER WARNA NAGAKO,4/10/2023
36,HANGER WARNA NAGAKO,4/10/2023
36,HANGER IMPORT WARNA,4/10/2023
36,HANGER IMPORT WARNA,4/10/2023
36,HANGER IMPORT WARNA,4/10/2023
36,HANGER IMPORT WARNA,4/10/2023
36,HANGER IMPORT WARNA,4/10/2023
36,HANGER IMPORT WARNA,4/10/2023
36,WAJAN STENLIS 30,4/10/2023
36,WAJAN STENLIS 30,4/10/2023
36,WAJAN STENLIS 30,4/10/2023
37,BANTAL GULING CANON,4/10/2023
37,BANTAL GULING CANON,4/10/2023
37,KAPSTOK GAMBAR 5M 307,4/10/2023
38,HANGER IMPORT WARNA,4/10/2023
39,RAK PIRING AIS,4/10/2023
39,KESED KARAKTER,4/10/2023
39,BONCENGAN ROTAN LILITAN SABUK,4/10/2023
39,TONGKAT LAMPU/STIK LAMPU,4/10/2023
39,JEPITAN BAJU BESAR 12216,4/10/2023
39,LAMPU LEED 5 WATT,4/10/2023
39,REGULATOR PLUS SELANG MPU,4/10/2023
39,MAINAN ULAR,5/10/2023
40,KORDEN SMOKRING,5/10/2023
40,KORDEN SMOKRING,5/10/2023
40,BATANG KORDEN 1.5M,5/10/2023
40,CIMORY SQUIZE,5/10/2023
40,NAMPAN KARAKTER B730,5/10/2023
41,LEMARI SERBAGUNA GALVANIS 3P,5/10/2023
41,RAK PIRING EKONOMI BESAR,5/10/2023
42,FIGURA CERMIN IMPORT 4019,5/10/2023
42,KIPAS TANGAN PORTABEL,5/10/2023
42,PISAU SULTAN BESAR,5/10/2023
43,KARPET METERAN,5/10/2023
43,KARPET METERAN,5/10/2023
44,KOTAK MAKAN IMPORT,5/10/2023
44,KAOS KAKI SD HITAM PUTIH 1,5/10/2023
44,KAPSTOK WARNA WARNI IMPORT KANGDA,5/10/2023
45,REGULATOR DESTEC PANDOM METER,5/10/2023
46,JEMURAN ALUMINIUM STANDART WARNA,5/10/2023
47,MAINAN MOBIL 1981,5/10/2023
47,KAOS KAKI SD HITAM,5/10/2023
47,KAOS KAKI SD HITAM PUTIH 1,5/10/2023
48,CRAYON PUTAR SET 48,5/10/2023
48,SELIMUT DEWASA,5/10/2023
49,MAINAN FOOD 2429,5/10/2023
50,LEMARI AKAKO LP2P ELITE SSN2,5/10/2023
51,BATANG KORDEN 1M,5/10/2023
51,BATANG KORDEN 1M,5/10/2023
51,KORDEN SMOKRING,5/10/2023
51,KORDEN SMOKRING,5/10/2023
51,RAK COSMIC 4 SSN,5/10/2023
51,KAPSTOK JEMPOL 6 KAIT,5/10/2023
51,CETAKAN MAWAR,5/10/2023
51,GILINGAN MIE GSF,5/10/2023
52,PANCI LISTRIK Q-ME,5/10/2023
52,TEMPAT NASI DOUBLE HJ129,5/10/2023
52,JEPIT ROTI PLUS LUAS 6035 IMPORT,5/10/2023
53,TREMOS ELEPHANT,5/10/2023
53,TREMOS LION STAR CORONA,5/10/2023
54,GELAS CANTEL KOPI,5/10/2023
54,GELAS CANTEL KOPI,5/10/2023
55,TONGKAT LAMPU/STIK LAMPU,6/10/2023
55,BOTOL KECAP SAOS 8813B,6/10/2023
56,SETRIKA MIYAKO EL 1000 M,6/10/2023
56,HANGER IMPORT WARNA,6/10/2023
56,sabun cuci piring b-light,6/10/2023
57,SALEP CINA BSR,6/10/2023
58,SPEAKER BLUETOOTH,6/10/2023
58,MAINAN FISHING 127,6/10/2023
58,KAPSTOK JEMPOL 6 KAIT,6/10/2023
58,BOTOL DOT 4D 128,6/10/2023
59,MAWAR LAUNDRY REFILL,6/10/2023
59,SALEP CINA ANAK,6/10/2023
59,SALEP CINA ANAK,6/10/2023
60,MAINAN LAMPU STIK,6/10/2023
60,MAINAN LAMPU STIK,6/10/2023
61,BLENDER MIYAKO 101PL,6/10/2023
61,MAINAN LAMPU STIK,6/10/2023
62,MAINAN TRUK UPT 6376,6/10/2023
63,SALEP CINA BSR,6/10/2023
64,COOPER STENLIS IMPORT,6/10/2023
65,KERANJANG PAJERO POLOS,6/10/2023
66,KARPET BENTOL,6/10/2023
67,AQUA,6/10/2023
67,AQUA,6/10/2023
68,BAD COVER LADY ROSE,6/10/2023
68,EMBER 18 SJP HITAM,6/10/2023
68,GAYUNG PANJANG,6/10/2023
68,KERANJANG SAMPAH 828,6/10/2023
68,NAMPAN 3 SL,6/10/2023
68,SAPU TEPES,6/10/2023
68,BASKOM BUNGA 12 SL,6/10/2023
68,SENDOK SOUP LUCKY BESAR,6/10/2023
68,SOLED KAYU,6/10/2023
68,SEROK TANGGUNG STENLIS,6/10/2023
68,SOLED STENLIS,6/10/2023
68,SANDAL SWALLOW BSR,6/10/2023
68,TAMPAH MURAH UK 40,6/10/2023
69,BUCKET MILKTEA 12L,6/10/2023
69,SPREI HOME UK 160 & 180,6/10/2023
69,TREMOS INDOGLASS 1000ML,6/10/2023
69,BOTOL MINUM SEDOTAN 7705,6/10/2023
69,CIMORY SQUIZE,6/10/2023
70,BANTAL GULING CANON,6/10/2023
70,BANTAL GULING CANON,6/10/2023
70,TIKAR LIPAT MAHAMERU,6/10/2023
70,KARPET GAMBAR BOLAK BALIK UK 180X180,6/10/2023
70,KARPET SPONS TEBAL,6/10/2023
71,KARPET JAGUAR JUMBO,6/10/2023
72,KORDEN SMOKRING,6/10/2023
72,KORDEN SMOKRING,6/10/2023
72,KOMPOR RINNAI 522 C,6/10/2023
72,TAPLAK MEJA MAKAN,6/10/2023
72,REGULATOR PLUS SELANG MPU,6/10/2023
72,TAPLAK MEJA MAKAN,6/10/2023
73,MINUMAN TEH PUCUK,6/10/2023
74,MINUMAN KOPI ABC,6/10/2023
74,MINUMAN KOPI ABC,6/10/2023
75,SALEP CINA BSR,6/10/2023
75,SALEP CINA ANAK,6/10/2023
75,MINUMAN FANTA,6/10/2023
75,SINGLE HANGER BY SHENAR,6/10/2023
75,TEMPAT MAKAN DAN DOT BAYI IMPORT 6120,6/10/2023
75,SALEP CINA BSR,7/10/2023
76,WAKUL EAGLE 26,7/10/2023
77,CERMIN SIZE XXL,7/10/2023
78,MAINAN LAMPU STIK,7/10/2023
78,MAINAN LAMPU STIK,7/10/2023
78,MAINAN EMBER PANTAI 958A,7/10/2023
79,SALEP CINA BSR,7/10/2023
79,SALEP CINA BSR,7/10/2023
79,RAKET NYAMUK FAMILY HELPER,8/10/2023
79,MAINAN TEMBAKAN ST 2422,8/10/2023
79,TIMBANGAN BADAN KECIL,8/10/2023
80,MAINAN LAMPU STIK,8/10/2023
80,BATU ABC KECIL,8/10/2023
80,BATU ABC KECIL,8/10/2023
80,BATU ABC KECIL,8/10/2023
81,RICE BUCKET 17L,8/10/2023
81,MINUMAN TEH PUCUK,8/10/2023
82,TREMOS PENCET AIR POT 2L,9/10/2023
83,CETAKAN ES BATU,9/10/2023
83,PENA GEL APPEL BASIC SATUAN,9/10/2023
84,EMBER 22 SJP HITAM,9/10/2023
84,BANGKU BAKSO HITAM TABITA,9/10/2023
84,BANGKU BAKSO HITAM TABITA,9/10/2023
85,SALEP CINA BSR,9/10/2023
86,SPIN MOP STENLIS BY SHENAR,9/10/2023
87,KIPAS MEJA KARAKTER WELHOME,9/10/2023
88,SUPERMOP BOLDE UNICRON,9/10/2023
89,KIPAS WELHOME BERDIRI 1681,9/10/2023
90,BOX EZ 30,9/10/2023
90,BOX EZ 30,9/10/2023
91,MINUMAN TEH PUCUK,9/10/2023
92,PISAU SULTAN BESAR,9/10/2023
93,TUDUNG SAJI ROTAN,9/10/2023
93,CRAYON PUTAR SET 48,9/10/2023
94,MANGKOK 2 WARNA,9/10/2023
95,SAJADAH GOKKUSAGI,9/10/2023
95,SAJADAH GOKKUSAGI,9/10/2023
95,SAJADAH GOKKUSAGI,9/10/2023
95,NAMPAN KARAKTER B731,9/10/2023
95,NAMPAN KARAKTER B731,9/10/2023
96,KAOS KAKI SMA TELAPAK,9/10/2023
97,GELAS SEDOTAN PITA 4W 938,9/10/2023
98,NAMPAN BUNDAR,9/10/2023
99,PIRING JAGO,9/10/2023
99,SOLED STENLIS,9/10/2023
100,TUDUNG SAJI ROTAN,9/10/2023
101,BUSA ROYAL 120x20,9/10/2023
102,PANCI EAGLE 30 SARANGAN,9/10/2023
103,KIPAS KARAKTER WELHOME,9/10/2023
104,KOMPOR RINNAI 511E,9/10/2023
105,BAK MANDI BAYI ORTEGA,9/10/2023
105,KERANJANG POPOK BAYI,9/10/2023
106,TEMPAT PENSIL CAS 2218,9/10/2023
106,PERASAN JERUK 9908,9/10/2023
107,TREMOS INDOGLASS 500ML,9/10/2023
108,KASUR BUSA LIPAT SOFFABED UK 80X180X8CM,9/10/2023
108,GELAS CANTEL KOPI,9/10/2023
108,BOTOL MY BOTLE,9/10/2023
109,BATANG KORDEN 1M,9/10/2023
109,BATANG KORDEN 1M,9/10/2023
110,HANDUK DEWASA,10/10/2023
111,RAK ACTIV 2 SSN,10/10/2023
112,RAK ACTIV 3SSN,10/10/2023
113,SENDOK GARPU 4D 222,10/10/2023
114,CETAKAN MARTABAK 8 LUBANG GOLDENPANY,10/10/2023
115,PANCI SUSU HITAM UK 20,10/10/2023
115,TEKO SIUL MIKADO 2,10/10/2023
116,MAWAR LAUNDRY REFILL,10/10/2023
117,BUCKET MILK TEA 10L,10/10/2023
118,KAOS KAKI SD HITAM,10/10/2023
119,SPREI LADY ROSE 180x20,10/10/2023
120,BOX 156 SL,10/10/2023
120,TEMPAT NASI DOUBLE HJ129,10/10/2023
121,TRUK AK 02,10/10/2023
122,BOX 156 SL,10/10/2023
123,RAK BUKU GSF,10/10/2023
124,TEMPAT NASI DOUBLE HJ129,10/10/2023
124,LAMPU LAYANGAN,10/10/2023
125,KOMPOR HCL 2 TUNGKU,10/10/2023
125,CIMORY BOTOL,10/10/2023
126,CRAYON PUTAR SET 48,10/10/2023
126,MINUMAN TORPEDO,10/10/2023
126,CRAYON PUTAR SET 48,10/10/2023
127,AQUA,10/10/2023
127,LAMPU LAYANGAN,10/10/2023
128,PANCI EAGLE 33 SARANGAN,11/10/2023
129,TREMOS PENCET AIR POT 2L,11/10/2023
130,MINUMAN KOPI ABC,11/10/2023
131,MINUMAN KOPI ABC,11/10/2023
132,MANGKOK KERAMIK PORCLINE ISI 4,11/10/2023
132,MANGKOK KERAMIK PORCLINE ISI 2,11/10/2023
133,SET PRASMANAN STENLIS,11/10/2023
133,TEMPAT SAYUR KOTAK PRASMANAN,11/10/2023
133,MANGKOK KERAMIK PORCLINE ISI 4,11/10/2023
133,MANGKOK KERAMIK PORCLINE ISI 4,11/10/2023
134,DALEMAN MAGICOM,11/10/2023
135,JAM DINDING VINODA JUMBO,11/10/2023
135,BATU ABC KECIL,11/10/2023
135,pulpen kapsul,11/10/2023
136,MANGKOK KERAMIK PORCLINE ISI 4,11/10/2023
137,MANGKOK KERAMIK PORCLINE ISI 4,11/10/2023
137,TREMOS INDOGLASS 500ML,11/10/2023
137,GELAS SEDOTAN PITA 4W 938,11/10/2023
138,MAWAR LAUNDRY REFILL,11/10/2023
138,SAPU DYNAMIC,11/10/2023
138,MAWAR LAUNDRY REFILL,11/10/2023
139,GAGANG SUPERMOP,11/10/2023
140,SENDOK/GARPU BATIK,12/10/2023
141,MANGKOK KERAMIK PORCLINE ISI 4,12/10/2023
141,MANGKOK KERAMIK PORCLINE ISI 4,12/10/2023
141,MANGKOK KERAMIK PORCLINE ISI 4,12/10/2023
141,MANGKOK KERAMIK PORCLINE ISI 2,12/10/2023
141,MANGKOK KERAMIK PORCLINE ISI 2,12/10/2023
141,SENDOK/GARPU BATIK,12/10/2023
142,MAINAN LAMPU STIK,12/10/2023
143,KARPET SPONS TEBAL,12/10/2023
144,MAGICOM MIYAKO 508,12/10/2023
145,BOTOL RUSA TALI PANJANG,12/10/2023
145,MUG LISTRIK,12/10/2023
145,SALEP CINA BSR,12/10/2023
145,BOTOL RUSA TALI PANJANG,12/10/2023
146,EMBER 18 SJP HITAM,12/10/2023
146,EMBER 18 SJP HITAM,12/10/2023
146,EMBER 20 SJP HITAM,12/10/2023
146,EMBER 20 SJP HITAM,12/10/2023
147,RAK CHIKI/SNACK JUMBO,12/10/2023
148,PIRING CEPER UK 10.5 LIS EMAS,12/10/2023
148,BOX EZ 150,12/10/2023
148,MANGKOK KERAMIK PORCLINE ISI 2,12/10/2023
148,MANGKOK KERAMIK PORCLINE ISI 4,12/10/2023
149,RACUN TIKUS,12/10/2023
149,RACUN TIKUS,12/10/2023
150,PANCI SIOMAY 3 SSN,12/10/2023
150,CATOKAN MINI,12/10/2023
151,TENDA 2 PINTU,12/10/2023
152,MAGIC MOP,12/10/2023
153,OILPOTS STAINLESS 1,12/10/2023
153,JEMURAN POPOK 30  HOKIESTAR,12/10/2023
153,TEH FRESTEA,12/10/2023
154,PIRING CEPER UK 10.5 LIS EMAS,12/10/2023
154,PIRING CEPER 10,12/10/2023
154,PIRING CEPER 10,12/10/2023
154,BOTOL TAKUMA,12/10/2023
154,REGULATOR QUANTUM+PANDOM,12/10/2023
155,MANGKOK KERAMIK PORCLINE ISI 4,12/10/2023
155,MANGKOK KERAMIK PORCLINE ISI 4,12/10/2023
155,MANGKOK KERAMIK PORCLINE ISI 4,12/10/2023
155,MANGKOK KERAMIK PORCLINE ISI 2,12/10/2023
155,MANGKOK KERAMIK PORCLINE ISI 2,12/10/2023
155,MANGKOK KERAMIK PORCLINE ISI 2,12/10/2023
155,MANGKOK KERAMIK PORCLINE ISI 2,12/10/2023
156,SALEP CINA BSR,12/10/2023
156,SALEP CINA BSR,12/10/2023
156,SALEP CINA BSR,12/10/2023
156,SALEP CINA BSR,12/10/2023
156,HANDUK KARAKTER JUMBO,12/10/2023
156,HANDUK KARAKTER JUMBO,12/10/2023
156,RAK COSMIC 3SSN ABU,12/10/2023
157,MAGIC MOP,12/10/2023
157,SIKAT LANTAI GAGANG 2281,12/10/2023
158,TREMOS LION STAR CORONA,13/10/2023
158,COOPER STENLIS IMPORT,13/10/2023
159,TREMOS LION STAR CORONA,13/10/2023
159,TEKO SIUL HA4L,13/10/2023
160,KAPSTOK JEMPOL 6 KAIT,13/10/2023
160,RAK COSMIC 3SSN ABU,13/10/2023
160,KARPET METERAN,13/10/2023
160,KARPET METERAN,13/10/2023
161,RAK PIRING MASTER,13/10/2023
162,HANDUK DEWASA,13/10/2023
162,SARUNG BUSA 140X20,13/10/2023
162,KESED CENDOL,13/10/2023
162,ASBAK KACA BSR,13/10/2023
163,PENGKI SENG,13/10/2023
163,PENGKI SENG,13/10/2023
163,PENGKI SENG,13/10/2023
163,PENGKI SENG,13/10/2023
163,PENGKI SENG,13/10/2023
163,GAYUNG JUMBO,13/10/2023
163,GAYUNG JUMBO,13/10/2023
163,GAYUNG JUMBO,13/10/2023
164,BOTOL MINUM SEDOTAN 7705,13/10/2023
165,KERANJANG SAMPAH FORTUNA,13/10/2023
165,TEMPAT SAMPAH KARAKTER 832,13/10/2023
166,GELAS CANTEL KOPI,13/10/2023
166,GELAS CANTEL KOPI,13/10/2023
167,POT PINK KECIL,13/10/2023
168,GAGANG SUPERMOP,13/10/2023
169,MANGKOK JAGO TOYOKI,13/10/2023
169,MANGKOK JAGO TOYOKI,13/10/2023
169,MANGKOK JAGO TOYOKI,13/10/2023
170,MEJA BELAJAR IMPOR KARAKTER,13/10/2023
171,BOTOL TAKUMA,13/10/2023
171,HANDUK DEWASA,13/10/2023
172,PIRING CEPER 10,13/10/2023
172,MANGKOK SAKURA,13/10/2023
173,POMPA GALON ELEKTRIK GSF,13/10/2023
174,KARPET JAGUAR JUMBO,13/10/2023
174,KIPAS DINDING WELHOME 1663E,13/10/2023
174,RAK RSTK 4 SSN TABITHA,13/10/2023
174,RAK COSMIC 3SSN ABU,13/10/2023
174,RAK COSMIC 4 SSN,13/10/2023
174,SPIN MOP SHENAR,13/10/2023
174,KARPET JAGUAR JUMBO,13/10/2023
174,KIPAS DINDING WELHOME 1663E,13/10/2023
174,RAK RSTK 4 SSN TABITHA,13/10/2023
174,RAK COSMIC 3SSN ABU,13/10/2023
174,RAK COSMIC 4 SSN,13/10/2023
174,SPIN MOP SHENAR,13/10/2023
175,SETRIKA COSMOS 318,13/10/2023
175,MAINAN TRUK UPC KGP 72,13/10/2023
176,RACUN TIKUS,13/10/2023
177,MANGKOK KERAMIK PORCLINE ISI 4,14/10/2023
177,MANGKOK KERAMIK PORCLINE ISI 2,14/10/2023
177,RAK RSTK 4 SSN TABITHA,14/10/2023
177,MEJA BELAJAR IMPOR KARAKTER,14/10/2023
177,PEMBERSIH TELINGA,14/10/2023
177,GELAS TAKAR AIR,14/10/2023
177,MEJA BELAJAR IMPOR KARAKTER,14/10/2023
178,GELAS CANTEL JEMPOL,14/10/2023
179,HANDUK DEWASA,14/10/2023
180,KIPAS DINDING WELHOME 1663E,14/10/2023
181,GELAS TIFFANY,14/10/2023
181,MINUMAN TEH PUCUK,14/10/2023
181,GELAS TIFFANY,14/10/2023
181,GELAS TIFFANY,14/10/2023
181,GELAS TIFFANY,14/10/2023
182,TEMPAT PENSIL CAS 1002,14/10/2023
182,KAPSTOK WARNA WARNI IMPORT KANGDA,14/10/2023
182,TEMPAT PENSIL CAS 1002,14/10/2023
182,KAPSTOK WARNA WARNI IMPORT KANGDA,14/10/2023
183,LEMARI DIAMOND TABITHA KACA 4SSN,14/10/2023
183,SCOOTER RODA LED,14/10/2023
184,CELENGAN SIZE L,14/10/2023
184,SELIMUT KARAKTER ANAK,14/10/2023
184,MANGKOK KERAMIK PORCLINE ISI 2,14/10/2023
184,PENGHAPUS,14/10/2023
185,SPREI VALLERY 160,14/10/2023
185,BUSA INOAC 160*30,14/10/2023
186,KARPET BOLAK BALIK JUMBO,14/10/2023
187,SENDOK POLKADOT ISI 6 PCS,14/10/2023
187,SENDOK GARPU 4D 222,14/10/2023
188,BANGKU  BAKSO WARNA,14/10/2023
189,MANGKOK LOTUS BLUE,14/10/2023
